id,name,model_id:id,group_id:id,perm_read,perm_write,perm_create,perm_unlink
access_site_user,access_site_user,model_site,contractor_management_user_access,1,1,1,1
access_site_manager,access_site_manager,model_site,contractor_management_manager_access,1,1,1,1
access_contractor_user,access_contractor_user,model_contractor,contractor_management_user_access,1,1,1,1
access_contractor_manager,access_contractor_manager,model_contractor,contractor_management_manager_access,1,1,1,1
access_register_user,access_register_user,model_register,contractor_management_user_access,1,1,1,1
access_register_manager,access_register_manager,model_register,contractor_management_manager_access,1,1,1,1