<?xml version="1.0" encoding="UTF-8"?>
<templates xml:space="preserve">

    <t t-name="ath_image_remove.SaleActionHelper" t-inherit="sale.SaleActionHelper" owl="1" t-inherit-mode="primary">
<!--         <xpath expr="//a[contains(@class, 'o_sale_action_preview')]" position="replace">-->
<!--             <div>Testing................</div>-->
<!--        </xpath>-->

        <xpath expr="//t[@t-out='props.noContentHelp']" position="replace">.
            <p>@@@@@@@@@@@@@@@@@@@@@@@@@@@@@@@@@@@@@@@@@@@@@@@@@@@@@@@</p>
        </xpath>
    </t>

</templates>