<?xml version="1.0" encoding="utf-8"?>
<odoo>
    <data noupdate="0">
        <record model="ir.module.category" id="contractor_management_access">
            <field name="name">Contractor Payment Management Rights</field>
            <field name="description">User access levels for Ath Contractor Payment Management module</field>
            <field name="sequence">10</field>
        </record>

        <record id="contractor_management_user_access" model="res.groups">
            <field name="name">User</field>
            <field name="category_id" ref="contractor_management_access"/>
        </record>

        <record id="contractor_management_manager_access" model="res.groups">
            <field name="name">Manager</field>
            <field name="category_id" ref="contractor_management_access"/>
        </record>
    </data>
</odoo>
