id,name,model_id:id,group_id:id,perm_read,perm_write,perm_create,perm_unlink
access_site,access_site,model_site,ath_contractor_management.contractor_management_user_access,1,1,1,1
access_site,access_site,model_site,ath_contractor_management.contractor_management_manager_access,1,1,1,1
access_contractor,access_contractor,model_contractor,ath_contractor_management.contractor_management_manager_access,1,1,1,1
access_contractor,access_contractor,model_contractor,ath_contractor_management.contractor_management_user_access,1,1,1,1
access_register,access_register,model_register,ath_contractor_management.contractor_management_manager_access,1,1,1,1
access_register,access_register,model_register,ath_contractor_management.contractor_management_user_access,1,1,1,1