<?xml version="1.0" encoding="UTF-8"?>
<odoo>
    <template t-extend="sale.SaleActionHelper">
        <xpath expr="//a[contains(@class, 'o_sale_action_preview')]" position="replace">
        </xpath>

        <xpath expr="//t[@t-out='props.noContentHelp']" position="replace">
        </xpath>

    </template>
</odoo>

<!--<?xml version="1.0" encoding="UTF-8"?>-->
<!--<templates xml:space="preserve">-->

<!--    <t t-name="ath_image_remove.SaleActionHelper" t-inherit="sale.SaleActionHelper" t-inherit-mode="preserve">-->
<!--        <xpath expr="//a[contains(@class, 'o_sale_action_preview')]" position="replace"/>-->
<!--        <xpath expr="//t[@t-out='props.noContentHelp']" position="replace"/>-->
<!--    </t>-->

<!--</templates>-->